store_type,total_sales,percentage_of_total_sales,total_orders
Local,37759892584.0,65.29893318453992,78409
Mall Kiosk,6328871792.0,10.94464385352732,13142
Outlet,4433870232.0,7.667579969519558,9207
Super Store,9282858976.0,16.053032637391006,19276
Web Portal,20707768.0,0.03581035502219409,43
